Clusters,DB Index,Silhouette Score
2,2.07571894660263,0.16253469370544787
3,1.8076087903948022,0.18915412738242016
4,1.420783053633628,0.2965412577035854
5,1.3139345776172209,0.2981186836947235
6,1.3547945927712297,0.2932023877209733
7,1.3610260887749661,0.28360777617551786
8,1.3905664978020487,0.25876840831891196
9,1.3848239520286774,0.24286026710502878
10,1.3413557719678066,0.2443028624162258
